{"cameraMode":{"drawMode":0,"name":"Shaded","section":"Shading Mode"},"sceneLighting":true,"audioPlay":false,"sceneViewState":{"showFog":true,"showMaterialUpdate":false,"showSkybox":true,"showFlares":true,"showImageEffects":true,"showParticleSystems":true},"in2DMode":false,"pivot":{"x":37.781185150146487,"y":39.38386917114258,"z":62.23883819580078},"rotation":{"x":-0.04588916897773743,"y":0.8820766806602478,"z":-0.08788769692182541,"w":-0.4605637788772583},"size":9.112186431884766,"orthographic":false}