{"cameraMode":{"drawMode":0,"name":"Shaded","section":"Shading Mode"},"sceneLighting":false,"audioPlay":false,"sceneViewState":{"showFog":true,"showMaterialUpdate":true,"showSkybox":false,"showFlares":true,"showImageEffects":true,"showParticleSystems":true},"in2DMode":false,"pivot":{"x":-1.8245110511779786,"y":1.7162582874298096,"z":36.630802154541019},"rotation":{"x":0.06985069066286087,"y":0.238541379570961,"z":-0.017205936834216119,"w":0.968471884727478},"size":1.4142135381698609,"orthographic":false}