{"cameraMode":{"drawMode":0,"name":"Shaded","section":"Shading Mode"},"sceneLighting":true,"audioPlay":false,"sceneViewState":{"showFog":true,"showMaterialUpdate":true,"showSkybox":true,"showFlares":true,"showImageEffects":true,"showParticleSystems":true},"in2DMode":false,"pivot":{"x":4.7715163230896,"y":1.2051258087158204,"z":5.774700164794922},"rotation":{"x":0.08362098038196564,"y":0.0815187394618988,"z":-0.006857638712972403,"w":0.9931424856185913},"size":17.01197052001953,"orthographic":false}