{"cameraMode":{"drawMode":0,"name":"Shaded","section":"Shading Mode"},"sceneLighting":true,"audioPlay":false,"sceneViewState":{"showFog":true,"showMaterialUpdate":false,"showSkybox":true,"showFlares":true,"showImageEffects":true,"showParticleSystems":true},"in2DMode":false,"pivot":{"x":72.5507583618164,"y":25.24086570739746,"z":850.455810546875},"rotation":{"x":0.010809299536049366,"y":-0.004505958408117294,"z":0.000045350290747592226,"w":0.9999518394470215},"size":508.2867431640625,"orthographic":false}