{"cameraMode":{"drawMode":0,"name":"Shaded","section":"Shading Mode"},"sceneLighting":true,"audioPlay":false,"sceneViewState":{"showFog":true,"showMaterialUpdate":false,"showSkybox":true,"showFlares":true,"showImageEffects":true,"showParticleSystems":true},"in2DMode":false,"pivot":{"x":12.461348533630371,"y":-9.183241844177246,"z":108.34476470947266},"rotation":{"x":0.06925343722105026,"y":-0.005991463083773851,"z":0.0004169683961663395,"w":0.9975938200950623},"size":67.36187744140625,"orthographic":false}