{"cameraMode":{"drawMode":0,"name":"Shaded","section":"Shading Mode"},"sceneLighting":true,"audioPlay":false,"sceneViewState":{"showFog":true,"showMaterialUpdate":false,"showSkybox":true,"showFlares":true,"showImageEffects":true,"showParticleSystems":true},"in2DMode":false,"pivot":{"x":-48.718414306640628,"y":30.574905395507814,"z":10.341175079345704},"rotation":{"x":0.009472189471125603,"y":-0.9693040251731873,"z":0.03782212734222412,"w":0.24275879561901093},"size":97.47467041015625,"orthographic":true}