{"cameraMode":{"drawMode":0,"name":"Shaded","section":"Shading Mode"},"sceneLighting":true,"audioPlay":false,"sceneViewState":{"showFog":true,"showMaterialUpdate":false,"showSkybox":true,"showFlares":true,"showImageEffects":true,"showParticleSystems":true},"in2DMode":false,"pivot":{"x":-78.90846252441406,"y":44.92877197265625,"z":16.03502655029297},"rotation":{"x":-0.000053997420764062554,"y":0.9998332262039185,"z":-0.017998958006501199,"w":-0.002999554155394435},"size":40.8444938659668,"orthographic":false}