{"cameraMode":{"drawMode":0,"name":"Shaded","section":"Shading Mode"},"sceneLighting":true,"audioPlay":false,"sceneViewState":{"showFog":true,"showMaterialUpdate":true,"showSkybox":false,"showFlares":true,"showImageEffects":true,"showParticleSystems":true},"in2DMode":false,"pivot":{"x":2.4000000953674318,"y":18.5,"z":-0.23421502113342286},"rotation":{"x":0.23789119720458985,"y":-0.27238500118255618,"z":0.06969539821147919,"w":0.9297174215316773},"size":20.763530731201173,"orthographic":false}