{"cameraMode":{"drawMode":0,"name":"Shaded","section":"Shading Mode"},"sceneLighting":false,"audioPlay":false,"sceneViewState":{"showFog":true,"showMaterialUpdate":false,"showSkybox":false,"showFlares":true,"showImageEffects":true,"showParticleSystems":true},"in2DMode":false,"pivot":{"x":-0.022112637758255006,"y":0.022651255130767823,"z":0.42607754468917849},"rotation":{"x":0.020837809890508653,"y":0.7189780473709106,"z":-0.021575821563601495,"w":0.6943853497505188},"size":1.8871711492538453,"orthographic":true}